trial_id,plan,world,strategy,variant,params,start_x,start_y,start_yaw,outcome,reached,success,time_s,path_m,straight_m,path_ratio,collisions,contact_s,min_clear_m,goal_err_m,odom_err_m,est_err_m,est_err_max_m,localization,compute_mean_ms,compute_p95_ms,compute_max_ms,cycles,rtf,states,wall_s,timestamp
A_open_field_vfh_default_s0,A,open_field,vfh,0,{},-2.8,-1.8,0.0,REACHED,1,1,38.1,6.707,6.657,1.007,0,0.0,0.1366,0.2314,2.8124,0.0437,0.0543,odom_imu,0.6173,1.049,20.796,380,0.988,"{""AVOID"": 212, ""GO_GOAL"": 167, ""REACHED"": 2}",38.6,2026-09-28 04:35:34
A_open_field_vfh_default_s1,A,open_field,vfh,1,{},-2.797,-1.748,0.302,REACHED,1,1,37.87,6.691,6.627,1.01,0,0.0,0.1313,0.1981,0.681,0.01,0.0277,odom_imu,0.6054,1.048,2.263,378,0.999,"{""AVOID"": 216, ""GO_GOAL"": 161, ""REACHED"": 2}",37.9,2026-09-28 04:36:26
A_open_field_vfh_default_s2,A,open_field,vfh,2,{},-2.902,-1.817,-0.284,REACHED,1,1,38.82,6.77,6.752,1.003,0,0.0,0.1356,0.2523,3.5291,0.0654,0.0709,odom_imu,0.5453,1.099,2.912,388,0.997,"{""AVOID"": 214, ""GO_GOAL"": 173, ""REACHED"": 2}",38.9,2026-09-28 04:37:20
A_open_field_vfh_default_s3,A,open_field,vfh,3,{},-2.92,-1.819,0.266,REACHED,1,1,38.68,6.826,6.769,1.009,0,0.0,0.1365,0.2032,1.149,0.0206,0.0426,odom_imu,0.618,1.104,29.531,386,0.976,"{""AVOID"": 211, ""GO_GOAL"": 174, ""REACHED"": 2}",39.6,2026-09-28 04:38:13
A_open_field_bug2_default_s0,A,open_field,bug2,0,{},-2.8,-1.8,0.0,REACHED,1,0,76.28,9.337,6.657,1.402,0,0.0,0.1201,0.4235,4.8517,0.3978,0.413,odom_imu,0.1788,0.394,1.124,762,0.993,"{""FOLLOW"": 447, ""FOLLOW_ARC"": 10, ""FOLLOW_TURN"": 88, ""GO_GOAL"": 213, ""LEAVE"": 3, ""REACHED"": 2}",76.8,2026-09-28 04:39:45
A_open_field_bug2_default_s1,A,open_field,bug2,1,{},-2.797,-1.748,0.302,REACHED,1,0,79.7,9.669,6.627,1.459,0,0.0,0.0824,0.4633,5.1381,0.4917,0.4933,odom_imu,0.1765,0.309,4.004,796,0.998,"{""FOLLOW"": 443, ""FOLLOW_ARC"": 24, ""FOLLOW_TURN"": 100, ""GO_GOAL"": 225, ""LEAVE"": 3, ""REACHED"": 2}",79.9,2026-09-28 04:41:21
A_open_field_bug2_default_s2,A,open_field,bug2,2,{},-2.902,-1.817,-0.284,TIMEOUT,0,0,150.08,15.47,6.752,2.291,0,0.0,0.0852,2.3441,4.8189,0.1058,0.1848,odom_imu,0.1634,0.312,0.748,1501,0.996,"{""FOLLOW"": 324, ""FOLLOW_ARC"": 1023, ""FOLLOW_TURN"": 36, ""GO_GOAL"": 117, ""LEAVE"": 1}",150.7,2026-09-28 04:44:06
A_open_field_bug2_default_s3,A,open_field,bug2,3,{},-2.92,-1.819,0.266,REACHED,1,0,80.1,9.716,6.769,1.435,0,0.0,0.1072,0.528,5.2259,0.5155,0.52,odom_imu,0.1772,0.369,3.75,801,0.994,"{""FOLLOW"": 431, ""FOLLOW_ARC"": 24, ""FOLLOW_TURN"": 114, ""GO_GOAL"": 228, ""LEAVE"": 3, ""REACHED"": 1}",80.6,2026-09-28 04:45:44
A_cluttered_vfh_default_s0,A,cluttered,vfh,0,{},-2.9,-2.0,0.0,REACHED,1,1,38.7,6.82,7.046,0.968,0,0.0,0.1361,0.2415,4.1291,0.062,0.0664,odom_imu,0.7231,1.259,8.968,387,0.97,"{""AVOID"": 53, ""GO_GOAL"": 333, ""REACHED"": 1}",39.9,2026-09-28 04:46:37
A_cluttered_vfh_default_s1,A,cluttered,vfh,1,{},-2.904,-2.054,0.118,REACHED,1,1,38.67,6.868,7.08,0.97,0,0.0,0.1417,0.2255,1.9178,0.0368,0.0422,odom_imu,0.679,1.189,6.527,387,0.986,"{""AVOID"": 37, ""GO_GOAL"": 349, ""REACHED"": 1}",39.2,2026-09-28 04:47:30
A_cluttered_vfh_default_s2,A,cluttered,vfh,2,{},-2.882,-2.077,-0.273,REACHED,1,1,39.3,6.876,7.075,0.972,0,0.0,0.14,0.23,4.7819,0.0751,0.0777,odom_imu,0.5748,1.105,2.222,392,0.985,"{""AVOID"": 39, ""GO_GOAL"": 352, ""REACHED"": 2}",39.9,2026-09-28 04:48:27
A_cluttered_vfh_default_s3,A,cluttered,vfh,3,{},-2.946,-1.871,0.351,REACHED,1,1,38.2,6.822,7.011,0.973,0,0.0,0.14,0.2121,0.5506,0.0216,0.0502,odom_imu,0.5439,0.924,1.222,381,0.999,"{""AVOID"": 63, ""GO_GOAL"": 317, ""REACHED"": 1}",38.3,2026-09-28 04:49:19
